{
	"info": {
		"_postman_id": "40c17c8d-0fca-4096-92a8-dad39f55bdb6",
		"name": "platzi-market",
		"schema": "https://schema.getpostman.com/json/collection/v2.1.0/collection.json"
	},
	"item": [
		{
			"name": "Get Products",
			"request": {
				"method": "GET",
				"header": [],
				"url": {
					"raw": "http://localhost:8090/platzi-market/api/products/all",
					"protocol": "http",
					"host": [
						"localhost"
					],
					"port": "8090",
					"path": [
						"platzi-market",
						"api",
						"products",
						"all"
					]
				}
			},
			"response": []
		},
		{
			"name": "Get a product",
			"request": {
				"method": "GET",
				"header": [],
				"url": {
					"raw": "http://localhost:8090/platzi-market/api/products/10",
					"protocol": "http",
					"host": [
						"localhost"
					],
					"port": "8090",
					"path": [
						"platzi-market",
						"api",
						"products",
						"10"
					]
				}
			},
			"response": []
		},
		{
			"name": "Get products by category",
			"request": {
				"method": "GET",
				"header": [],
				"url": {
					"raw": "http://localhost:8090/platzi-market/api/products/category/3",
					"protocol": "http",
					"host": [
						"localhost"
					],
					"port": "8090",
					"path": [
						"platzi-market",
						"api",
						"products",
						"category",
						"3"
					]
				}
			},
			"response": []
		},
		{
			"name": "Create product",
			"request": {
				"method": "POST",
				"header": [],
				"body": {
					"mode": "raw",
					"raw": "{\n        \"name\": \"Lechuga\",\n        \"categoryId\": 1,\n        \"price\": 2000.0,\n        \"stock\": 60,\n        \"active\": true\n    }",
					"options": {
						"raw": {
							"language": "json"
						}
					}
				},
				"url": {
					"raw": "http://localhost:8090/platzi-market/api/products/save",
					"protocol": "http",
					"host": [
						"localhost"
					],
					"port": "8090",
					"path": [
						"platzi-market",
						"api",
						"products",
						"save"
					]
				}
			},
			"response": []
		},
		{
			"name": "Delete product",
			"request": {
				"method": "DELETE",
				"header": [],
				"url": {
					"raw": "http://localhost:8090/platzi-market/api/products/delete/51",
					"protocol": "http",
					"host": [
						"localhost"
					],
					"port": "8090",
					"path": [
						"platzi-market",
						"api",
						"products",
						"delete",
						"51"
					]
				}
			},
			"response": []
		},
		{
			"name": "Get all purchases",
			"request": {
				"method": "GET",
				"header": [],
				"url": {
					"raw": "http://localhost:8090/platzi-market/api/purchases/all",
					"protocol": "http",
					"host": [
						"localhost"
					],
					"port": "8090",
					"path": [
						"platzi-market",
						"api",
						"purchases",
						"all"
					]
				}
			},
			"response": []
		},
		{
			"name": "Get purchases by client",
			"request": {
				"method": "GET",
				"header": [],
				"url": {
					"raw": "http://localhost:8090/platzi-market/api/purchases/client/4546221",
					"protocol": "http",
					"host": [
						"localhost"
					],
					"port": "8090",
					"path": [
						"platzi-market",
						"api",
						"purchases",
						"client",
						"4546221"
					]
				}
			},
			"response": []
		},
		{
			"name": "Save purchase",
			"request": {
				"method": "POST",
				"header": [],
				"body": {
					"mode": "raw",
					"raw": "{\n        \"clientId\": \"4546221\",\n        \"date\": \"2000-12-31T13:40:00\",\n        \"paymentMethod\": \"E\",\n        \"comment\": \"\",\n        \"state\": \"P\",\n        \"items\": [\n            {\n                \"productId\": 1,\n                \"quantity\": 10,\n                \"total\": 3000.0,\n                \"active\": true\n            },\n            {\n                \"productId\": 3,\n                \"quantity\": 20,\n                \"total\": 14000.0,\n                \"active\": true\n            }\n        ]\n    }",
					"options": {
						"raw": {
							"language": "json"
						}
					}
				},
				"url": {
					"raw": "http://localhost:8090/platzi-market/api/purchases/save",
					"protocol": "http",
					"host": [
						"localhost"
					],
					"port": "8090",
					"path": [
						"platzi-market",
						"api",
						"purchases",
						"save"
					]
				}
			},
			"response": []
		}
	],
	"protocolProfileBehavior": {}
}